{
  "Reptiles" : {
    "transaction" : "Reptiles",
    "sampleCount" : 25,
    "errorCount" : 0,
    "errorPct" : 0.0,
    "meanResTime" : 4.000000000000001,
    "medianResTime" : 4.0,
    "minResTime" : 2.0,
    "maxResTime" : 9.0,
    "pct1ResTime" : 7.0,
    "pct2ResTime" : 8.399999999999999,
    "pct3ResTime" : 9.0,
    "throughput" : 0.5212459864059047,
    "receivedKBytesPerSec" : 1.8895167007214042,
    "sentKBytesPerSec" : 0.1435462579750636
  },
  "Login" : {
    "transaction" : "Login",
    "sampleCount" : 25,
    "errorCount" : 0,
    "errorPct" : 0.0,
    "meanResTime" : 8.600000000000003,
    "medianResTime" : 8.0,
    "minResTime" : 5.0,
    "maxResTime" : 17.0,
    "pct1ResTime" : 13.400000000000002,
    "pct2ResTime" : 16.099999999999998,
    "pct3ResTime" : 17.0,
    "throughput" : 0.5210178604922576,
    "receivedKBytesPerSec" : 2.6773398260842383,
    "sentKBytesPerSec" : 0.8166344395410875
  },
  "Login-0" : {
    "transaction" : "Login-0",
    "sampleCount" : 25,
    "errorCount" : 0,
    "errorPct" : 0.0,
    "meanResTime" : 5.200000000000001,
    "medianResTime" : 4.0,
    "minResTime" : 3.0,
    "maxResTime" : 10.0,
    "pct1ResTime" : 9.0,
    "pct2ResTime" : 9.7,
    "pct3ResTime" : 10.0,
    "throughput" : 0.5210504376823677,
    "receivedKBytesPerSec" : 0.09820579538349312,
    "sentKBytesPerSec" : 0.4732196357857441
  },
  "Login-1" : {
    "transaction" : "Login-1",
    "sampleCount" : 25,
    "errorCount" : 0,
    "errorPct" : 0.0,
    "meanResTime" : 3.3600000000000003,
    "medianResTime" : 3.0,
    "minResTime" : 2.0,
    "maxResTime" : 7.0,
    "pct1ResTime" : 5.400000000000002,
    "pct2ResTime" : 6.699999999999999,
    "pct3ResTime" : 7.0,
    "throughput" : 0.5211264669710045,
    "receivedKBytesPerSec" : 2.5796777940195526,
    "sentKBytesPerSec" : 0.34351598164592584
  },
  "Home-0" : {
    "transaction" : "Home-0",
    "sampleCount" : 25,
    "errorCount" : 0,
    "errorPct" : 0.0,
    "meanResTime" : 3.279999999999999,
    "medianResTime" : 3.0,
    "minResTime" : 2.0,
    "maxResTime" : 13.0,
    "pct1ResTime" : 4.400000000000002,
    "pct2ResTime" : 10.599999999999994,
    "pct3ResTime" : 13.0,
    "throughput" : 0.5209201533588931,
    "receivedKBytesPerSec" : 0.07427181874062344,
    "sentKBytesPerSec" : 0.06358888590806802
  },
  "Home-1" : {
    "transaction" : "Home-1",
    "sampleCount" : 25,
    "errorCount" : 0,
    "errorPct" : 0.0,
    "meanResTime" : 1.7199999999999998,
    "medianResTime" : 2.0,
    "minResTime" : 1.0,
    "maxResTime" : 3.0,
    "pct1ResTime" : 2.400000000000002,
    "pct2ResTime" : 3.0,
    "pct3ResTime" : 3.0,
    "throughput" : 0.5210612976510557,
    "receivedKBytesPerSec" : 0.6874548956314221,
    "sentKBytesPerSec" : 0.06411496435940724
  },
  "Main-Catalog" : {
    "transaction" : "Main-Catalog",
    "sampleCount" : 25,
    "errorCount" : 0,
    "errorPct" : 0.0,
    "meanResTime" : 4.08,
    "medianResTime" : 4.0,
    "minResTime" : 3.0,
    "maxResTime" : 7.0,
    "pct1ResTime" : 5.0,
    "pct2ResTime" : 6.399999999999999,
    "pct3ResTime" : 7.0,
    "throughput" : 0.5207031575439474,
    "receivedKBytesPerSec" : 2.9070897965612765,
    "sentKBytesPerSec" : 0.2339096215529451
  },
  "Total" : {
    "transaction" : "Total",
    "sampleCount" : 300,
    "errorCount" : 0,
    "errorPct" : 0.0,
    "meanResTime" : 4.466666666666668,
    "medianResTime" : 4.0,
    "minResTime" : 1.0,
    "maxResTime" : 17.0,
    "pct1ResTime" : 8.0,
    "pct2ResTime" : 9.0,
    "pct3ResTime" : 14.0,
    "throughput" : 5.184391525247986,
    "receivedKBytesPerSec" : 15.766119407337642,
    "sentKBytesPerSec" : 3.025494110315211
  },
  "Sign In" : {
    "transaction" : "Sign In",
    "sampleCount" : 25,
    "errorCount" : 0,
    "errorPct" : 0.0,
    "meanResTime" : 3.8399999999999994,
    "medianResTime" : 4.0,
    "minResTime" : 2.0,
    "maxResTime" : 6.0,
    "pct1ResTime" : 5.400000000000002,
    "pct2ResTime" : 6.0,
    "pct3ResTime" : 6.0,
    "throughput" : 0.5199126546740147,
    "receivedKBytesPerSec" : 1.9921793763647706,
    "sentKBytesPerSec" : 0.30209768508890505
  },
  "Sign Out" : {
    "transaction" : "Sign Out",
    "sampleCount" : 25,
    "errorCount" : 0,
    "errorPct" : 0.0,
    "meanResTime" : 7.24,
    "medianResTime" : 7.0,
    "minResTime" : 4.0,
    "maxResTime" : 14.0,
    "pct1ResTime" : 10.400000000000002,
    "pct2ResTime" : 13.099999999999998,
    "pct3ResTime" : 14.0,
    "throughput" : 0.5213329440714017,
    "receivedKBytesPerSec" : 2.6723404525691286,
    "sentKBytesPerSec" : 0.5401701695896067
  },
  "Sign Out-0" : {
    "transaction" : "Sign Out-0",
    "sampleCount" : 25,
    "errorCount" : 0,
    "errorPct" : 0.0,
    "meanResTime" : 3.68,
    "medianResTime" : 3.0,
    "minResTime" : 2.0,
    "maxResTime" : 7.0,
    "pct1ResTime" : 6.0,
    "pct2ResTime" : 6.699999999999999,
    "pct3ResTime" : 7.0,
    "throughput" : 0.521365560676524,
    "receivedKBytesPerSec" : 0.16801819826489542,
    "sentKBytesPerSec" : 0.2723931396112698
  },
  "Home" : {
    "transaction" : "Home",
    "sampleCount" : 25,
    "errorCount" : 0,
    "errorPct" : 0.0,
    "meanResTime" : 5.2799999999999985,
    "medianResTime" : 5.0,
    "minResTime" : 3.0,
    "maxResTime" : 16.0,
    "pct1ResTime" : 6.800000000000004,
    "pct2ResTime" : 13.599999999999994,
    "pct3ResTime" : 16.0,
    "throughput" : 0.5209092992728106,
    "receivedKBytesPerSec" : 0.7615246298939429,
    "sentKBytesPerSec" : 0.12768382238034712
  },
  "Sign Out-1" : {
    "transaction" : "Sign Out-1",
    "sampleCount" : 25,
    "errorCount" : 0,
    "errorPct" : 0.0,
    "meanResTime" : 3.3200000000000003,
    "medianResTime" : 3.0,
    "minResTime" : 2.0,
    "maxResTime" : 7.0,
    "pct1ResTime" : 5.400000000000002,
    "pct2ResTime" : 6.699999999999999,
    "pct3ResTime" : 7.0,
    "throughput" : 0.521365560676524,
    "receivedKBytesPerSec" : 2.504489446257638,
    "sentKBytesPerSec" : 0.2678108251131363
  }
}